Titles,Texts
(1992-1995),
(1996-2000),
(2001-2005),
(2006-2010),
(2011-2015),
(2016-2020),
(2021-2025),
1008e Catachan,
1008ème Catachan,
1008ème Régiment de Catachan,
1014e Catachan,
1014ème Catachan,
1014ème Régiment de Catachan,
12e Catachan,
12ème Catachan,
12ème Croisade Noire,
12ème Régiment de Catachan,
13ème/23ème Tiger Lizards,
13ème/5ème Armée Imperiale,
13ème/5ème Armée Impériale,
13ème Croisade Noire,
14e Catachan,
14ème Catachan,
14ème Régiment de Catachan,
17e Catachan,
17ème/21ème Lézards tigrés,
17ème/21ème Tiger Lizards,
17ème Catachan,
17ème Régiment,
17ème Régiment de Catachan,
183e Catachan,
183ème Catachan,
183ème Régiment de Catachan,
18e Catachan,
18ème Catachan,
18ème Régiment de Catachan,
197ème Agripinaa,
197ème Régiment d'Agripinaa,
1er Régiment,
1er et Unique Régiment de Tanith,
1er et Unique de Tanith,
1mpact,
1ère Fondation,
201/23/GS/N.35/4,
20ème Phantine,
20ème Régiment de Phantine,
21ème Fondation,
21ème Phantine,
21ème Régiment de Phantine,
21ème d'Infantrie,
22e Catachan,
22ème Catachan,
22ème Groupe d'Assaut Aéroporté de Catachan,
22ème Régiment de Catachan,
23e Cadian,
23e Cadien,
23ème Régiment Cadian,
23ème Régiment Cadien,
24e Catachan,
24ème Catachan,
24ème Cavalerie d'Amistel,
24ème Grenadiers,
24ème Régiment de Catachan,
24ème Régiment de Cavalerie d'Amistel,
25ème Rigellien,
25ème Régiment Rigellien,
26/A,
26e Catachan,
26ème Catachan,
26ème Régiment de Catachan,
2e Catachan,
2ème Agripinaa,
2ème Catachan,
2ème Fondation,
2ème Guerre d'Armageddon,
2ème Régiment d'Agripinaa,
2ème Régiment de Catachan,
303ème Régiment de Mordant,
30 centimètres d'Acier (Roman),
391e Catachan,
391ème Catachan,
391ème Régiment de Catachan,
3e Catachan,
3ème Catachan,
3ème Guerre d'Armageddon,
3ème Régiment,
3ème Régiment de Catachan,
4e Catachan,
4ème Catachan,
4ème Juntareis de Nadir-Maru,
4ème Régiment de Catachan,
51e Catachan,
51ème Catachan,
51ème Régiment de Catachan,
53ème Régiment,
56e Catachan,
56ème Catachan,
56ème Régiment de Catachan,
5e Catachan,
5ème Catachan,
5ème Régiment,
5ème Régiment de Catachan,
61ème/320ème Orenian,
61ème/320ème Régiment Orenian,
62ème Régiment,
65ème Agripinaa,
65ème Régiment d'Agripinaa,
6e Catachan,
6ème Catachan,
6ème Régiment de Catachan,
7ème Croisade Noire,
7ème Régiment,
8ème Necromundien,
8ème Régiment Necromundien,
9ème Garde des Adamantiphractes d’Angeloi,
9ème Régiment,
AFR-74,
AG106/GS/N,
Aajz Solari,
Aaron Dembski-Bowden,
Aaron Miller,
Abaddon,
Abaddon le Fléau,
Abakhol,
Abbot,
Abdiel,
Abel Zorael,
Abhumain,
Abhumains,
"Abnett, Dan",
Abridal's Glory,
Abrihorton,
Absolvers,
Abysses d'Hazeroth,
Abîme du Graal,
Acata Uprising,
Accatran,
Accipiters,
Accueil,
Achernar,
Achernar Prime,
Acheron,
Achilles XII,
"Ackland, Tony",
Acre,
Adam Burn,
Adamant Resolve,
Adanicio,
Adeon,
Adepta Sororitas,
Adeptus Administratum,
Adeptus Arbites,
Adeptus Astartes,
Adeptus Custodes,
Adeptus Mechanicus,
Adeptus Ministorum,
Adeptus Terra,
Adeptus Titanicus,
Adeptus Titanicus: Crucible of Retribution,
Adeptus Titanicus: Doom of Molech,
Adeptus Titanicus: Shadow and Iron,
Adeptus Titanicus: The Defence of Ryza,
Adeptus Titanicus: Titandeath,
Adeptus Titanicus (Homonymie),
Adeptus Titanicus (Jeu de Plateau),
Adion,
Administratum,
Adrantis,
Adrax Agatone,
Adrian Smith,
Adulators,
Aeldari,
Aeolus,
Aesir,
Affiliation,
Affrontement sur Scoria,
After Action Report,
Agathon,
Agatone,
Agdagath,
Age de l'Apostasie,
Agemman,
Agent Magenta,
Agnathio,
Agnathio (Dreadnought),
Agnomen,
Agri-Monde,
Agripinaa,
Agripinaa (Homonymie),
Agripinaa (Planète),
Agrippa,
Agrippan,
Ahriman,
Ahzek Ahriman,
Aide,
Aigle Chasseur,
Aigle à deux Têtes,
Aigles,
Aigles Chasseurs,
Aileron Renforcé,
Ailerons Renforcés,
Ailes d'Ange,
Ailes de Sanguinius,
Ajax,
Ajax (Croiseur d'Attaque),
Ajir,
Akannazad,
Akurduana,
Alactus,
Alais Decur,
Alaitoc,
Alan Bligh,
Alan Merrett,
Alaric,
Alaric Prime,
Aldrik Voldus,
Aldrim,
Aleckto Kirhane,
Alex Boyd,
Alex Stewart,
Alexander Boyd,
Alexis Polux,
Alfrost,
Algernon Traegus,
Allégeance (Nouvelle),
Alpagueur,
Alpha-Rho 25,
Alpha-Zeta 54,
Alpha Legion,
Alpharius,
Alpharius Omegon,
Alphon,
Alris Colvin,
Altansar,
Altar Brethren,
Altymhor,
Amadeus,
Amareo,
Amareo (Personne),
Amareo (Vaisseau),
Amaretto,
Amas de Gevion,
Amas de Phaedra,
Amas de Signum,
Amas de Signus,
Amas du Cyclope,
Amasec,
Amendera Kendel,
Amensos,
Ameton Epsilon IV,
Amicus,
Amit,
Ammonai,
Amsu,
Amulette de Loup,
Amulius,
An'ggrath,
Anakwanar Sek,
Anathame,
Anathrax,
Anathrax le Fétide,
Anatolus Gdolkin,
Anaton Thassarius,
Ancien,
Anciens,
Ancêtre Vivant,
Andrea Uderzo,
Andrei Ornatov,
"Andrews, Dave",
Androctonus Astra,
Andronius,
Andy Chambers,
Andy Hoare,
Andy Smillie,
Angel's Fall,
Angel's Sword,
Angel's Tears,
Angel Guard,
Angelis,
Angelo,
Angels Encarmine,
Angels Eradicant,
Angels Penitent,
Angels Penitent (Blood Angels),
Angels Penitent (Chapitre),
Angels Porphyr,
Angels Redeemed,
Angels Repentant,
Angels Resplendent,
Angels Resplendent (Blood Angels),
Angels Resplendent (Chapitre),
Angels Revenant,
Angels Sanguine,
Angels Vermillion,
Angels Vindicant,
Angels of Absolution,
Angels of Damnation,
Angels of Defiance,
Angels of Ecstasy,
Angels of Fire,
Angels of Flame,
Angels of Fury,
Angels of Iron,
Angels of Penance,
Angels of Purgatory,
Angels of Redemption,
Angels of Repentance,
Angels of Retribution,
Angels of Vengeance,
Angels of Vigilance,
Angelus,
Anges Gris (Nouvelle),
Angron,
Ankhet,
Ankhtowë,
Ankhu Anen,
Annellus,
Annihilateur à Fission,
Annihilateur à Plasma,
Annihilators,
Anomalie Araken,
Anomalie de Pardus,
Anrek Barbatos,
Ansatsu,
Ansgar,
Ansgar (Space Wolves),
Ansvarr,
Antax,
Anthony Reynolds,
Antioc,
Antonan Thrax,
Anval Thawn,
Anvil 206,
Anvillus,
Anvilus 9,
Anvilus IX,
Anvirr Keltoc,
Aphael,
Apocalypse,
Apocalypse: Zone de Guerre Damnos (6ème édition),
Apocalypse: Zone de Guerre Damocles (6ème édition),
Apocalypse: Zone de Guerre Pandorax (6ème édition),
Apocalypse: Zone de Guerre Valedor (6ème édition),
Apocalypse (4ème édition),
Apocalypse (6ème édition),
